Year,Month , Domestic Consumption (million gallons),Domestic Cost (million gallons),Domestic Cost per Gallon(million dollars),"
International Consumption (million gallons)",Internationa lCost (million gallons),International Cost per Gallon(million dollars),"
Total Consumption (million gallons)",Total Cost (million dollars),Total Cost per Gallon (dollars)
2000,January,"1,194.00",842,0.71,414.3,336.6,0.81,"1,608.30","1,178.60",0.73
2000,February,"1,157.60",851.1,0.74,402.3,329.8,0.82,"1,559.90","1,180.90",0.76
2000,March,"1,251.60",940.2,0.75,434.5,360.1,0.83,"1,686.10","1,300.30",0.77
2000,April,"1,220.30",905.6,0.74,444.1,368.5,0.83,"1,664.40","1,274.10",0.77
2000,May,"1,250.70",898.9,0.72,469.5,367.2,0.78,"1,720.10","1,266.20",0.74
2000,June,"1,261.70",876.7,0.69,484.4,375.8,0.78,"1,746.10","1,252.50",0.72
2000,July,"1,296.90",994.2,0.77,498.2,404.6,0.81,"1,795.10","1,398.80",0.78
2000,August,"1,311.80","1,035.30",0.79,502.9,430.5,0.86,"1,814.60","1,465.70",0.81
2000,September,"1,174.80","1,008.20",0.86,477,451.3,0.95,"1,651.80","1,459.50",0.88
2000,October,"1,274.70","1,136.20",0.89,482.5,460.5,0.95,"1,757.10","1,596.70",0.91
2000,November,"1,227.90","1,087.90",0.89,445,422.6,0.95,"1,672.90","1,510.40",0.9
2000,December,"1,243.40","1,132.10",0.91,453.2,431.7,0.95,"1,696.60","1,563.80",0.92
,,,,,,,,,,
2001,January,"1,226.70","1,051.80",0.86,442.6,395.6,0.89,"1,669.30","1,447.50",0.87
2001,February,"1,136.70",962,0.85,412.6,360.8,0.87,"1,549.30","1,322.80",0.85
2001,March,"1,258.90","1,001.50",0.8,475,407.4,0.86,"1,733.90","1,408.80",0.81
2001,April,"1,193.20",925,0.78,462.6,374.8,0.81,"1,655.90","1,299.80",0.78
2001,May,"1,243.30","1,007.40",0.81,481.6,398.3,0.83,"1,725.00","1,405.80",0.81
2001,June,"1,253.00","1,011.70",0.81,481.6,400.7,0.83,"1,734.60","1,412.40",0.81
2001,July,"1,279.30",991,0.77,497.8,408.3,0.82,"1,777.10","1,399.30",0.79
2001,August,"1,314.90","1,006.60",0.77,505.7,404.5,0.8,"1,820.50","1,411.20",0.78
2001,September,934,742.9,0.8,404.4,324,0.8,"1,338.40","1,066.90",0.8
2001,October,"1,009.30",716.6,0.71,396.7,309.6,0.78,"1,406.00","1,026.20",0.73
2001,November,985.4,650.9,0.66,385.2,283,0.73,"1,370.60",933.9,0.68
2001,December,"1,033.10",588.8,0.57,389.8,268.5,0.69,"1,422.90",857.3,0.6
,,,,,,,,,,
,,,,,,,,,,
2002,January,"1,031.30",618.8,0.6,383.7,258.9,0.67,"1,415.00",877.6,0.62
2002,February,958.4,591.3,0.62,366.4,239.2,0.65,"1,324.80",830.6,0.63
2002,March,"1,095.60",676.7,0.62,416.6,272.5,0.65,"1,512.20",949.3,0.63
2002,April,"1,057.40",733,0.69,400.3,282.5,0.71,"1,457.60","1,015.50",0.7
2002,May,"1,091.90",765,0.7,421.6,305.1,0.72,"1,513.40","1,070.10",0.71
2002,June,"1,112.90",744.6,0.67,431.1,309.7,0.72,"1,544.00","1,054.30",0.68
2002,July,"1,160.30",820.6,0.71,457.8,339.5,0.74,"1,618.10","1,160.10",0.72
2002,August,"1,158.70",837.9,0.72,456.8,346.3,0.76,"1,615.50","1,184.20",0.73
2002,September,"1,025.80",788.2,0.77,432.7,342,0.79,"1,458.50","1,130.20",0.77
2002,October,"1,113.50",902.5,0.81,456.3,396.1,0.87,"1,569.80","1,298.60",0.83
2002,November,"1,045.00",804.2,0.77,429.1,354.8,0.83,"1,474.00","1,159.10",0.79
2002,December,"1,071.50",816.7,0.76,426.8,346,0.81,"1,498.30","1,162.70",0.78
,,,,,,,,,,
,,,,,,,,,,
2003,January,"1,079.70",903.5,0.84,445.2,401.2,0.9,"1,524.90","1,304.70",0.86
2003,February,977.2,866.8,0.89,393,374.4,0.95,"1,370.20","1,241.20",0.91
2003,March,"1,115.40","1,101.10",0.99,461.4,448.7,0.97,"1,576.80","1,549.80",0.98
2003,April,"1,048.80",872.1,0.83,415.2,383,0.92,"1,464.10","1,255.10",0.86
2003,May,"1,080.60",823.7,0.76,429.9,319.5,0.74,"1,510.50","1,143.20",0.76
2003,June,"1,092.90",821.5,0.75,417.3,338,0.81,"1,510.20","1,159.60",0.77
2003,July,"1,158.30",906.5,0.78,448.9,369.8,0.82,"1,607.20","1,276.30",0.79
2003,August,"1,157.90",959.4,0.83,461.6,394.5,0.85,"1,619.40","1,353.90",0.84
2003,September,"1,047.00",841.6,0.8,444.5,367.8,0.83,"1,491.50","1,209.40",0.81
2003,October,"1,116.40",912.4,0.82,447.9,390,0.87,"1,564.30","1,302.40",0.83
2003,November,"1,065.80",899.6,0.84,427.1,383.8,0.9,"1,493.00","1,283.40",0.86
2003,December,"1,141.70","1,006.70",0.88,426.9,401.7,0.94,"1,568.50","1,408.40",0.9
,,,,,,,,,,
,,,,,,,,,,
2004,January,"1,118.80","1,064.80",0.95,428.7,430,1,"1,547.50","1,494.80",0.97
2004,February,"1,087.30","1,055.00",0.97,415.1,424.4,1.02,"1,502.40","1,479.40",0.98
2004,March,"1,202.30","1,181.30",0.98,447,471.5,1.05,"1,649.30","1,652.80",1
2004,April,"1,154.10","1,157.30",1,448.4,465.5,1.04,"1,602.50","1,622.80",1.01
2004,May,"1,177.20","1,273.50",1.08,466.5,520.8,1.12,"1,643.70","1,794.30",1.09
2004,June,"1,193.10","1,280.90",1.07,479.8,545.6,1.14,"1,672.90","1,826.50",1.09
2004,July,"1,240.90","1,382.60",1.11,505.6,581.3,1.15,"1,746.50","1,963.90",1.12
2004,August,"1,243.40","1,466.60",1.18,503.7,619.6,1.23,"1,747.10","2,086.10",1.19
2004,September,"1,116.90","1,387.80",1.24,470.6,613.5,1.3,"1,587.50","2,001.20",1.26
2004,October,"1,198.20","1,659.30",1.38,482.9,696.7,1.44,"1,681.20","2,356.00",1.4
2004,November,"1,146.10","1,567.00",1.37,465,690.6,1.49,"1,611.10","2,257.60",1.4
2004,December,"1,212.50","1,550.70",1.28,478.8,672.2,1.4,"1,691.30","2,222.90",1.31
,,,,,,,,,,
,,,,,,,,,,
2005,January,"1,139.50","1,495.50",1.31,483.5,653.7,1.35,"1,622.90","2,149.20",1.32
2005,February,"1,067.50","1,404.40",1.32,431.3,604.6,1.4,"1,498.80","2,009.00",1.34
2005,March,"1,222.00","1,772.70",1.45,520.1,712.4,1.37,"1,742.10","2,485.10",1.43
2005,April,"1,155.20","1,799.10",1.56,487.3,829.2,1.7,"1,642.50","2,628.30",1.6
2005,May,"1,176.20","1,781.80",1.51,513.4,830.5,1.62,"1,689.70","2,612.30",1.55
2005,June,"1,205.90","1,874.60",1.55,515.8,839,1.63,"1,721.70","2,713.60",1.58
2005,July,"1,249.20","2,010.70",1.61,541.2,926.5,1.71,"1,790.40","2,937.20",1.64
2005,August,"1,244.40","2,231.50",1.79,535.7,955,1.78,"1,780.20","3,186.50",1.79
2005,September,"1,111.40","2,109.20",1.9,500.3,975.6,1.95,"1,611.70","3,084.80",1.91
2005,October,"1,118.90","2,410.00",2.15,494.6,"1,057.50",2.14,"1,613.50","3,467.40",2.15
2005,November,"1,119.30","2,084.40",1.86,467.1,951.1,2.04,"1,586.50","3,035.50",1.91
2005,December,"1,166.20","1,977.40",1.7,484.2,889,1.84,"1,650.50","2,866.40",1.74
,,,,,,,,,,
,,,,,,,,,,
2006,January,"1,099.00","1,974.70",1.8,478,884.2,1.85,"1,576.90","2,858.90",1.81
2006,February,"1,015.00","1,849.50",1.82,431.7,820.9,1.9,"1,446.70","2,670.30",1.85
2006,March,"1,177.60","2,131.40",1.81,514.4,982.9,1.91,"1,692.00","3,114.20",1.84
2006,April,"1,124.30","2,143.30",1.91,495.7,990.1,2,"1,620.00","3,133.50",1.93
2006,May,"1,137.40","2,326.50",2.05,509.7,"1,070.90",2.1,"1,647.10","3,397.40",2.06
2006,June,"1,172.90","2,413.90",2.06,500.8,"1,098.00",2.19,"1,673.70","3,511.80",2.1
2006,July,"1,193.30","2,485.30",2.08,537.2,"1,174.00",2.19,"1,730.50","3,659.30",2.11
2006,August,"1,219.80","2,593.10",2.13,540.1,"1,196.50",2.22,"1,759.80","3,789.60",2.15
2006,September,"1,107.70","2,200.30",1.99,509.9,"1,114.00",2.18,"1,617.70","3,314.30",2.05
2006,October,"1,154.80","2,152.90",1.86,508.5,"1,037.80",2.04,"1,663.30","3,190.70",1.92
2006,November,"1,123.00","2,030.10",1.81,495,954,1.93,"1,618.00","2,984.20",1.84
2006,December,"1,169.70","2,179.00",1.86,496.7,968.8,1.95,"1,666.40","3,147.80",1.89
,,,,,,,,,,
,,,,,,,,,,
2007,January,"1,117.40","2,030.10",1.82,494.9,948.1,1.92,"1,612.30","2,978.20",1.85
2007,February,"1,022.10","1,785.50",1.75,442.9,807.3,1.82,"1,465.10","2,592.80",1.77
2007,March,"1,174.10","2,132.90",1.82,523,984.1,1.88,"1,697.00","3,117.00",1.84
2007,April,"1,130.50","2,198.00",1.94,502.1,994,1.98,"1,632.60","3,192.10",1.96
2007,May,"1,157.80","2,368.50",2.05,519.6,"1,123.70",2.16,"1,677.30","3,492.30",2.08
2007,June,"1,170.40","2,376.80",2.03,528.6,"1,119.20",2.12,"1,699.00","3,496.00",2.06
2007,July,"1,195.80","2,506.60",2.1,559.6,"1,201.70",2.15,"1,755.50","3,708.30",2.11
2007,August,"1,211.90","2,575.00",2.12,566.3,"1,249.00",2.21,"1,778.20","3,824.00",2.15
2007,September,"1,092.60","2,304.90",2.11,522,"1,134.60",2.17,"1,614.60","3,439.50",2.13
2007,October,"1,154.70","2,554.20",2.21,522.6,"1,202.30",2.3,"1,677.30","3,756.50",2.24
2007,November,"1,108.10","2,710.30",2.45,500,"1,277.90",2.56,"1,608.20","3,988.20",2.48
2007,December,"1,146.10","2,868.10",2.5,522.9,"1,408.70",2.69,"1,669.10","4,276.70",2.56
,,,,,,,,,,
,,,,,,,,,,
2008,January,"1,090.90","2,800.70",2.57,510.8,"1,389.10",2.72,"1,601.80","4,189.80",2.62
2008,February,"1,045.50","2,666.10",2.55,468.1,"1,255.10",2.68,"1,513.60","3,921.10",2.59
2008,March,"1,137.80","3,259.60",2.86,523.8,"1,563.00",2.98,"1,661.50","4,822.60",2.9
2008,April,"1,078.20","3,205.90",2.97,525.1,"1,634.10",3.11,"1,603.20","4,840.00",3.02
2008,May,"1,105.80","3,530.90",3.19,541.3,"1,802.10",3.33,"1,647.10","5,332.90",3.24
2008,June,"1,113.50","3,789.90",3.4,546.2,"1,974.70",3.62,"1,659.70","5,764.60",3.47
2008,July,"1,149.50","4,250.90",3.7,565.2,"2,322.40",4.11,"1,714.70","6,573.30",3.83
2008,August,"1,118.80","3,809.40",3.4,560,"2,146.40",3.83,"1,678.80","5,955.80",3.55
2008,September,942.1,"3,142.50",3.34,502.6,"1,806.60",3.59,"1,444.70","4,949.10",3.43
2008,October,986.4,"3,142.40",3.19,503.4,"1,830.70",3.64,"1,489.80","4,973.10",3.34
2008,November,924.9,"2,313.10",2.5,465.4,"1,235.00",2.65,"1,390.30","3,548.10",2.55
2008,December,992.3,"1,964.30",1.98,474.9,"1,053.50",2.22,"1,467.20","3,017.80",2.06
,,,,,,,,,,
,,,,,,,,,,
2009,January,936.8,"1,647.30",1.76,462.9,809.4,1.75,"1,399.60","2,456.60",1.76
2009,February,862.4,"1,589.60",1.84,413.5,762,1.84,"1,275.90","2,351.60",1.84
2009,March,980.9,"1,610.80",1.64,470,784.8,1.67,"1,450.90","2,395.60",1.65
2009,April,951.1,"1,655.90",1.74,470.3,818.7,1.74,"1,421.40","2,474.60",1.74
2009,May,963.2,"1,672.70",1.74,476.3,816.7,1.71,"1,439.50","2,489.40",1.73
2009,June,989,"1,884.00",1.91,517.5,938.1,1.81,"1,506.40","2,822.10",1.87
2009,July,"1,042.90","1,993.60",1.91,548.3,"1,029.20",1.88,"1,591.20","3,022.80",1.9
2009,August,985.3,"1,998.50",2.03,512.1,"1,018.30",1.99,"1,497.30","3,016.80",2.01
2009,September,886.2,"1,768.10",2,463.9,938,2.02,"1,350.10","2,706.10",2
2009,October,931.9,"1,863.80",2,472.1,940.3,1.99,"1,404.10","2,804.10",2
2009,November,863.9,"1,852.30",2.14,448.8,938.9,2.09,"1,312.70","2,791.20",2.13
2009,December,945.6,"2,007.20",2.12,465.8,992.5,2.13,"1,411.40","2,999.70",2.13
,,,,,,,,,,
,,,,,,,,,,
2010,January,886.5,"1,962.90",2.21,467.8,"1,016.40",2.17,"1,354.20","2,979.30",2.2
2010,February,801.8,"1,728.60",2.16,418.5,911.7,2.18,"1,220.30","2,640.30",2.16
2010,March,943.6,"2,081.40",2.21,489.7,"1,077.00",2.2,"1,433.30","3,158.30",2.2
2010,April,915.2,"2,109.40",2.3,472.4,"1,085.90",2.3,"1,387.60","3,195.30",2.3
2010,May,955.7,"2,228.40",2.33,514,"1,197.30",2.33,"1,469.70","3,425.70",2.33
2010,June,977.8,"2,133.10",2.18,528.6,"1,212.70",2.29,"1,506.40","3,345.70",2.22
2010,July,"1,027.40","2,272.70",2.21,555.7,"1,232.50",2.22,"1,583.10","3,505.20",2.21
2010,August,"1,010.60","2,251.80",2.23,551,"1,232.10",2.24,"1,561.60","3,483.90",2.23
2010,September,932,"2,036.30",2.18,504.6,"1,125.60",2.23,"1,436.60","3,161.90",2.2
2010,October,944.3,"2,222.40",2.35,523.8,"1,232.10",2.35,"1,468.00","3,454.40",2.35
2010,November,910,"2,192.10",2.41,493.5,"1,180.10",2.39,"1,403.50","3,372.10",2.4
2010,December,952.1,"2,352.10",2.47,522,"1,275.50",2.44,"1,474.10","3,627.60",2.46
,,,,,,,,,,
,,,,,,,,,,
2011,January,877.9,"2,313.80",2.64,523.5,"1,352.40",2.58,"1,401.40","3,666.20",2.62
2011,February,808.6,"2,245.60",2.78,464.2,"1,273.90",2.74,"1,272.80","3,519.40",2.77
2011,March,962.5,"2,915.20",3.03,547,"1,627.20",2.97,"1,509.50","4,542.40",3.01
2011,April,927.1,"2,974.50",3.21,546,"1,729.60",3.17,"1,473.10","4,704.10",3.19
2011,May,939.7,"3,049.80",3.25,561.3,"1,809.40",3.22,"1,501.00","4,859.30",3.24
2011,June,971.7,"3,040.90",3.13,578.8,"1,799.70",3.11,"1,550.50","4,840.60",3.12
2011,July,995.6,"3,094.10",3.11,622.4,"1,954.10",3.14,"1,618.00","5,048.20",3.12
2011,August,970.6,"3,032.70",3.12,593.9,"1,859.90",3.13,"1,564.40","4,892.60",3.13
2011,September,885.5,"2,812.60",3.18,533.6,"1,661.50",3.11,"1,419.10","4,474.10",3.15
2011,October,913,"2,740.40",3,528.9,"1,612.40",3.05,"1,442.00","4,352.70",3.02
2011,November,875.9,"2,714.90",3.1,496.6,"1,500.70",3.02,"1,372.50","4,215.60",3.07
2011,December,907.4,"2,795.50",3.08,526.3,"1,603.80",3.05,"1,433.70","4,399.20",3.07
,,,,,,,,,,
,,,,,,,,,,
2012,January,823,"2,584.90",3.14,516.2,"1,604.70",3.11,"1,339.10","4,189.60",3.13
2012,February,803.3,"2,606.80",3.25,491.3,"1,555.40",3.17,"1,294.60","4,162.20",3.22
2012,March,908.3,"3,024.70",3.33,554.3,"1,837.20",3.31,"1,462.60","4,861.80",3.32
2012,April,859.6,"2,874.00",3.34,529.8,"1,764.80",3.33,"1,389.40","4,638.80",3.34
2012,May,900.1,"2,915.60",3.24,560,"1,799.90",3.21,"1,460.10","4,715.50",3.23
2012,June,921.8,"2,756.30",2.99,572.3,"1,724.70",3.01,"1,494.00","4,481.00",3
2012,July,934.7,"2,763.60",2.96,604.7,"1,715.30",2.84,"1,539.40","4,478.80",2.91
2012,August,922.5,"2,848.10",3.09,588.7,"1,752.70",2.98,"1,511.20","4,600.80",3.04
2012,September,834.1,"2,717.30",3.26,541.6,"1,656.90",3.06,"1,375.70","4,374.20",3.18
2012,October,847.1,"2,792.00",3.3,527.3,"1,698.10",3.22,"1,374.40","4,490.20",3.27
2012,November,814.5,"2,586.40",3.18,505.5,"1,525.60",3.02,"1,320.10","4,112.00",3.11
2012,December,870.7,"2,718.90",3.12,514.6,"1,591.30",3.09,"1,385.20","4,310.20",3.11
,,,,,,,,,,
,,,,,,,,,,
2013,January,824.7,"2,574.70",3.12,513.2,"1,553.90",3.03,"1,337.90","4,128.60",3.09
2013,February,750.6,"2,466.90",3.29,457.2,"1,449.50",3.17,"1,207.80","3,916.40",3.24
2013,March,886.2,"2,837.30",3.2,532,"1,677.90",3.15,"1,418.20","4,515.20",3.18
2013,April,855.5,"2,609.30",3.05,539.2,"1,591.10",2.95,"1,394.60","4,200.40",3.01
2013,May,883,"2,577.80",2.92,555.7,"1,578.60",2.84,"1,438.80","4,156.40",2.89
2013,June,904.2,"2,623.50",2.9,572.6,"1,638.40",2.86,"1,476.90","4,261.90",2.89
2013,July,939.9,"2,742.20",2.92,613.7,"1,743.90",2.84,"1,553.50","4,486.10",2.89
2013,August,912.4,"2,785.00",3.05,606.4,"1,743.00",2.87,"1,518.80","4,528.00",2.98
2013,September,813.3,"2,510.40",3.09,527.2,"1,563.10",2.97,"1,340.50","4,073.50",3.04
2013,October,856.6,"2,609.70",3.05,552.7,"1,582.50",2.86,"1,409.30","4,192.20",2.97
2013,November,817.7,"2,469.70",3.02,511.8,"1,467.90",2.87,"1,329.40","3,937.60",2.96
2013,December,892.8,"2,706.10",3.03,505.8,"1,526.80",3.02,"1,398.60","4,232.80",3.03
,,,,,,,,,,
,,,,,,,,,,
2014,January,807.3,"2,500.30",3.1,505.9,"1,500.30",2.97,"1,313.30","4,000.60",3.05
2014,February,749.6,"2,286.90",3.05,438.4,"1,313.30",3,"1,188.00","3,600.10",3.03
2014,March,896.7,"2,699.40",3.01,523.5,"1,599.20",3.06,"1,420.20","4,298.60",3.03
2014,April,863.4,"2,577.40",2.99,509.7,"1,504.20",2.95,"1,373.10","4,081.60",2.97
2014,May,886.3,"2,653.70",2.99,544.8,"1,606.60",2.95,"1,431.10","4,260.30",2.98
2014,June,914,"2,721.90",2.98,564.4,"1,653.70",2.93,"1,478.40","4,375.60",2.96
2014,July,940.6,"2,824.10",3,607.1,"1,734.40",2.86,"1,547.70","4,558.60",2.95
2014,August,913.4,"2,727.10",2.99,591.9,"1,692.80",2.86,"1,505.40","4,419.90",2.94
2014,September,835.9,"2,418.50",2.89,522.7,"1,479.60",2.83,"1,358.60","3,898.00",2.87
2014,October,888.3,"2,395.30",2.7,520.7,"1,402.60",2.69,"1,409.00","3,797.90",2.7
2014,November,846.3,"2,183.40",2.58,487.9,"1,253.40",2.57,"1,334.20","3,436.80",2.58
2014,December,916.7,"2,125.70",2.32,504.4,"1,183.40",2.35,"1,421.10","3,309.10",2.33
,,,,,,,,,,
,,,,,,,,,,
2015,January,839.9,"1,630.40",1.94,505.5,"1,041.90",2.06,"1,345.40","2,672.30",1.99
2015,February,769.5,"1,716.40",2.23,453.5,"1,109.50",2.45,"1,223.00","2,825.80",2.31
2015,March,925.1,"1,860.30",2.01,530.5,"1,107.20",2.09,"1,455.70","2,967.50",2.04
2015,April,898.3,"1,731.20",1.93,528.6,"1,059.00",2,"1,426.80","2,790.20",1.96
2015,May,924.4,"1,937.70",2.1,559,"1,164.80",2.08,"1,483.40","3,102.50",2.09
2015,June,953.3,"1,951.30",2.05,573.4,"1,202.30",2.1,"1,526.70","3,153.50",2.07
2015,July,999.5,"1,833.00",1.83,601,"1,134.30",1.89,"1,600.40","2,967.30",1.85
2015,August,972.4,"1,638.50",1.68,595.5,"1,025.60",1.72,"1,567.90","2,664.10",1.7
2015,September,874.9,"1,402.30",1.6,549,888.4,1.62,"1,423.90","2,290.70",1.61
2015,October,917.8,"1,506.50",1.64,529.3,899.1,1.7,"1,447.10","2,405.60",1.66
2015,November,887.6,"1,398.10",1.58,482,773.1,1.6,"1,369.60","2,171.20",1.59
2015,December,965.8,"1,400.10",1.45,513.5,784.8,1.53,"1,479.30","2,184.90",1.48
,,,,,,,,,,
,,,,,,,,,,
2016,January,869.1,"1,124.90",1.29,496.1,627.5,1.26,"1,365.30","1,752.40",1.28
2016,February,837.3,"1,041.80",1.24,450,534.7,1.19,"1,287.30","1,576.50",1.22
2016,March,966.9,"1,241.80",1.28,515.2,644.5,1.25,"1,482.10","1,886.40",1.27
2016,April,917.9,"1,225.20",1.33,519.7,702,1.35,"1,437.60","1,927.20",1.34
2016,May,964,"1,383.50",1.44,542.8,763.3,1.41,"1,506.80","2,146.80",1.42
2016,June,"1,007.80","1,808.70",1.79,561.8,"1,058.20",1.88,"1,569.60","2,866.80",1.83
2016,July,"1,042.30","1,570.10",1.51,593.5,885.5,1.49,"1,635.80","2,455.60",1.5
2016,August,"1,022.70","1,478.70",1.45,581.5,850.5,1.46,"1,604.20","2,329.30",1.45
2016,September,915.7,"1,360.00",1.49,526,755.3,1.44,"1,441.70","2,115.20",1.47
2016,October,940.4,"1,497.40",1.59,526,814.3,1.55,"1,466.40","2,311.70",1.58
2016,November,906.4,"1,319.40",1.46,472.9,672.5,1.42,"1,379.30","1,991.90",1.44
2016,December,983.1,"1,584.70",1.61,509.1,797.7,1.57,"1,492.20","2,382.30",1.6
,,,,,,,,,,
,,,,,,,,,,
2017,January,899.5,"1,483.80",1.65,496.6,820,1.65,"1,396.10","2,303.80",1.65
2017,February,818.4,"1,398.70",1.71,433.7,738.6,1.7,"1,252.10","2,137.20",1.71
2017,March,983.8,"1,627.30",1.65,517.5,860.6,1.66,"1,501.30","2,487.90",1.66
2017,April,936.1,"1,558.00",1.66,526.6,866.9,1.65,"1,462.70","2,424.80",1.66
2017,May,982.5,"1,579.30",1.61,566.9,919.1,1.62,"1,549.30","2,498.40",1.61
2017,June,"1,027.00","1,580.80",1.54,585,915.6,1.57,"1,612.00","2,496.30",1.55
2017,July,"1,057.60","1,646.30",1.56,616.9,958.4,1.55,"1,674.50","2,604.70",1.56
2017,August,"1,050.30","1,733.70",1.65,599.8,972,1.62,"1,650.00","2,705.70",1.64
2017,September,902.5,"1,635.90",1.81,539.8,939.9,1.74,"1,442.30","2,575.80",1.79
2017,October,977.9,"1,784.40",1.82,544.3,989.9,1.82,"1,522.20","2,774.30",1.82
2017,November,948.1,"1,779.60",1.88,495.5,921.1,1.86,"1,443.50","2,700.70",1.87
2017,December,"1,004.00","1,920.40",1.91,518.8,999.9,1.93,"1,522.80","2,920.30",1.92
,,,,,,,,,,
,,,,,,,,,,
2018,January,932.9,"1,887.70",2.02,513.7,"1,039.30",2.02,"1,447.10","2,926.90",2.02
2018,February,871,"1,765.80",2.03,457.9,938,2.05,"1,328.90","2,703.80",2.03
2018,March,"1,014.00","1,989.20",1.96,539.6,"1,076.20",1.99,"1,553.60","3,065.40",1.97
2018,April,987.9,"2,055.80",2.08,536.9,"1,129.20",2.1,"1,524.80","3,185.00",2.09
2018,May,"1,034.60","2,265.20",2.19,582.4,"1,285.50",2.21,"1,617.00","3,550.80",2.2
2018,June,"1,061.30","2,343.60",2.21,599.1,"1,342.30",2.24,"1,660.40","3,685.80",2.22
2018,July,"1,100.80","2,419.10",2.2,625.5,"1,394.20",2.23,"1,726.30","3,813.30",2.21
2018,August,"1,094.80","2,405.40",2.2,611.3,"1,350.60",2.21,"1,706.00","3,755.90",2.2
2018,September,975.9,"2,167.10",2.22,553.2,"1,243.90",2.25,"1,529.20","3,411.00",2.23
2018,October,"1,033.30","2,425.30",2.35,553.9,"1,310.80",2.37,"1,587.20","3,736.10",2.35
2018,November,"1,003.50","2,264.80",2.26,502.4,"1,165.20",2.32,"1,505.90","3,429.90",2.28
2018,December,"1,041.00","2,119.00",2.04,522.9,"1,107.10",2.12,"1,563.90","3,226.00",2.06
,,,,,,,,,,
,,,,,,,,,,
2019,January,974.6,"1,868.10",1.92,521.2,"1,005.40",1.93,"1,495.90","2,873.50",1.92
2019,February,893.3,"1,784.40",2,461.2,918.6,1.99,"1,354.50","2,703.00",2
2019,March,"1,063.30","2,160.20",2.03,545.8,"1,119.70",2.05,"1,609.10","3,279.90",2.04
2019,April,"1,021.80","2,110.20",2.07,544.1,"1,126.30",2.07,"1,565.90","3,236.50",2.07
2019,May,"1,076.10","2,284.50",2.12,584,"1,237.50",2.12,"1,660.10","3,522.00",2.12
2019,June,"1,088.80","2,178.40",2,600.4,"1,231.40",2.05,"1,689.20","3,409.80",2.02
2019,July,"1,127.30","2,248.50",1.99,625.9,"1,249.10",2,"1,753.20","3,497.60",1.99
2019,August,"1,119.50","2,178.10",1.95,610.6,"1,208.00",1.98,"1,730.10","3,386.10",1.96
2019,September,993.4,"1,956.20",1.97,560.8,"1,105.70",1.97,"1,554.20","3,061.80",1.97
2019,October,"1,067.20","2,109.90",1.98,561.5,"1,119.50",1.99,"1,628.80","3,229.40",1.98
2019,November,"1,020.60","2,040.70",2,516,"1,012.90",1.96,"1,536.50","3,053.70",1.99
2019,December,"1,095.40","2,213.70",2.02,531.9,"1,066.70",2.01,"1,627.30","3,280.40",2.02
,,,,,,,,,,
,,,,,,,,,,
2020,January,"1,010.00","2,010.00",1.99,518.7,"1,036.40",2,"1,528.70","3,046.40",1.99
2020,February,952.5,"1,712.30",1.8,438.6,821.7,1.87,"1,391.10","2,534.00",1.82
2020,March,880,"1,288.80",1.46,370.9,580.9,1.57,"1,250.80","1,869.60",1.49
2020,April,344.7,489.8,1.42,197.5,263,1.33,542.2,752.8,1.39
2020,May,330.9,350.7,1.06,229.3,233.5,1.02,560.2,584.2,1.04
2020,June,425.5,483.3,1.14,238,254.8,1.07,663.5,738.1,1.11
2020,July,596.5,709.4,1.19,265.5,326.7,1.23,862,"1,036.10",1.2
2020,August,623.5,761.2,1.22,283.2,358.1,1.26,906.6,"1,119.30",1.23
2020,September,545.3,649,1.19,300.1,368.7,1.23,845.4,"1,017.70",1.2
2020,October,610.1,705.9,1.16,320.7,378,1.18,930.8,"1,083.90",1.16
2020,November,636.1,777.9,1.22,329,398.1,1.21,965.2,"1,176.00",1.22
2020,December,688.2,"1,016.10",1.48,346.2,489.1,1.41,"1,034.40","1,505.20",1.46
,,,,,,,,,,
,,,,,,,,,,
2021,January,614.6,936.6,1.52,343.8,517.5,1.51,958.4,"1,454.00",1.52
2021,February,556.2,902.2,1.62,304.2,483.1,1.59,860.5,"1,385.30",1.61
2021,March,753,"1,407.30",1.87,375.9,677.8,1.8,"1,128.90","2,085.10",1.85
2021,April,776.9,"1,374.90",1.77,380.8,667.5,1.75,"1,157.80","2,042.40",1.76
2021,May,857.6,"1,709.50",1.99,394,759,1.93,"1,251.50","2,468.50",1.97
2021,June,935.1,"1,903.30",2.04,400.9,791.5,1.97,"1,336.00","2,694.80",2.02
2021,July,"1,029.90","2,056.40",2,429.1,853.6,1.99,"1,459.00","2,910.00",1.99
2021,August,"1,000.60","1,983.90",1.98,431.3,855.6,1.98,"1,431.90","2,839.50",1.98
2021,September,920.4,"1,853.30",2.01,411.9,808.3,1.96,"1,332.40","2,661.60",2
2021,October,966.5,"2,171.70",2.25,421.9,933.8,2.21,"1,388.40","3,105.50",2.24
2021,November,952.9,"2,203.20",2.31,411.7,964.5,2.34,"1,364.60","3,167.70",2.32
2021,December,"1,019.10","2,184.20",2.14,441.3,958.7,2.17,"1,460.40","3,143.00",2.15
,,,,,,,,,,
,,,,,,,,,,
2022,January,884.4,"2,097.10",2.37,428,"1,006.40",2.35,"1,312.40","3,103.50",2.36
2022,February,852.6,"2,218.30",2.6,389.4,"1,028.30",2.64,"1,242.00","3,246.50",2.61
2022,March,"1,020.30","3,100.80",3.04,483.3,"1,460.40",3.02,"1,503.60","4,561.10",3.03
2022,April,970.1,"3,481.60",3.59,487,"1,738.50",3.57,"1,457.10","5,220.10",3.58
2022,May,998.3,"3,904.50",3.91,525.1,"2,022.50",3.85,"1,523.40","5,927.10",3.89
2022,June,"1,004.90","4,052.30",4.03,544.1,"2,191.40",4.03,"1,549.10","6,243.70",4.03
2022,July,"1,055.30","3,891.40",3.69,570.5,"2,163.70",3.79,"1,625.90","6,055.10",3.72
2022,August,"1,040.90","3,596.40",3.46,566.2,"1,976.70",3.49,"1,607.10","5,573.10",3.47
2022,September,979.6,"3,422.90",3.49,523,"1,809.60",3.46,"1,502.50","5,232.50",3.48
2022,October,"1,016.60","3,543.90",3.49,529.1,"1,787.10",3.38,"1,545.70","5,330.90",3.45
2022,November,"1,002.20","3,347.10",3.34,497.1,"1,647.10",3.31,"1,499.30","4,994.30",3.33
2022,December,"1,044.50","3,282.20",3.14,522.3,"1,656.70",3.17,"1,566.80","4,938.90",3.15
,,,,,,,,,,
,,,,,,,,,,
2023,January,"1,000.90","3,311.00",3.31,496.6,"1,576.30",3.17,"1,497.50","4,887.20",3.26
2023,February,934.1,"3,044.90",3.26,459.4,"1,458.20",3.17,"1,393.50","4,503.10",3.23
2023,March,"1,099.50","3,227.10",2.94,554.7,"1,621.90",2.92,"1,654.20","4,849.10",2.93
2023,April,"1,030.50","2,751.30",2.67,566.6,"1,535.60",2.71,"1,597.10","4,286.90",2.68
2023,May,"1,074.50","2,637.50",2.45,593.7,"1,471.30",2.48,"1,668.20","4,108.80",2.46
2023,June,"1,091.90","2,670.80",2.45,611.3,"1,487.60",2.43,"1,703.20","4,158.40",2.44
2023,July,"1,140.60","2,859.70",2.51,646.7,"1,606.50",2.48,"1,787.30","4,466.10",2.5
2023,August,"1,142.80","3,259.20",2.85,642.8,"1,807.60",2.81,"1,785.60","5,066.80",2.84
2023,September,"1,041.00","3,301.90",3.17,589.9,"1,852.90",3.14,"1,630.80","5,154.80",3.16
2023,October,"1,110.30","3,477.80",3.13,591.7,"1,858.20",3.14,"1,702.00","5,336.00",3.14
2023,November,"1,055.30","3,192.90",3.03,561.5,"1,699.70",3.03,"1,616.90","4,892.60",3.03
2023,December,"1,098.70","3,081.30",2.8,595.9,"1,681.70",2.82,"1,694.60","4,763.00",2.81
,,,,,,,,,,
,,,,,,,,,,
2024,January,990.7,"2,687.50",2.71,566.2,"1,537.60",2.72,"1,557.00","4,225.10",2.71
2024,February,962.9,"2,753.40",2.86,517.7,"1,458.60",2.82,"1,480.60","4,212.00",2.84
2024,March,"1,106.90","3,081.60",2.78,608,"1,695.30",2.79,"1,714.90","4,777.00",2.79
2024,April,"1,077.70","2,978.70",2.76,602.5,"1,666.30",2.77,"1,680.20","4,645.00",2.76
2024,May,"1,122.80","2,975.00",2.65,639,"1,718.30",2.69,"1,761.80","4,693.30",2.66
2024,June,"1,137.50","2,889.40",2.54,659.8,"1,702.60",2.58,"1,797.40","4,592.00",2.55
2024,July,"1,172.60","3,023.80",2.58,677.4,"1,769.10",2.61,"1,849.90","4,792.90",2.59
2024,August,"1,140.80","2,795.60",2.45,663.2,"1,692.20",2.55,"1,804.00","4,487.80",2.49
2024,September,"1,043.50","2,414.40",2.31,602.7,"1,446.30",2.4,"1,646.20","3,860.70",2.35
,,,,,,,,,,
,,,,,,,,,,